Title,Type,Status,DueDate,CheckoutPeriod,Value
Distributed scalable utilization,Book,available,Not checked out,3,17.93
Cross-group 24hour focus group,Book,available,Not checked out,2,17.14
Advanced web-enabled moratorium,Book,available,Not checked out,3,19.51
Focused 3rdgeneration knowledgebase,Book,available,Not checked out,2,29.94
Customer-focused needs-based concept,Book,available,Not checked out,2,15.8
Customizable intermediate collaboration,Book,available,Not checked out,3,26.48
Re-contextualized radical parallelism,Book,available,Not checked out,3,22.73
Synergized transitional methodology,Book,available,Not checked out,3,13.81
Robust systemic superstructure,Book,checked out,2023-08-20,3,25.17
Balanced zero-defect paradigm,Book,available,Not checked out,2,27.82
Total cohesive application,Book,available,Not checked out,3,20.51
Distributed system-worthy application,Book,available,Not checked out,3,27.36
Synergized optimal orchestration,Book,available,Not checked out,3,16.83
Horizontal coherent open system,Book,available,Not checked out,2,9.0
Robust human-resource leverage,Book,available,Not checked out,2,6.07
Seamless dedicated paradigm,Book,available,Not checked out,2,16.17
Down-sized fault-tolerant moratorium,Book,available,Not checked out,2,8.95
Front-line optimal moderator,Book,available,Not checked out,2,21.38
Managed discrete standardization,Book,available,Not checked out,3,7.29
Multi-lateral hybrid service-desk,Book,available,Not checked out,3,9.12
User-friendly web-enabled product,Book,available,Not checked out,3,10.51
Phased logistical interface,Book,available,Not checked out,3,26.29
Compatible object-oriented matrix,Book,available,Not checked out,3,16.16
Open-source logistical application,Book,available,Not checked out,3,14.03
Optimized methodical algorithm,Book,available,Not checked out,2,22.54
User-centric static paradigm,Book,available,Not checked out,3,15.82
Face-to-face 5thgeneration array,Book,available,Not checked out,2,28.72
Virtual static budgetary management,Book,available,Not checked out,2,17.85
Synergized reciprocal archive,Book,available,Not checked out,3,28.8
Synergistic upward-trending functionalities,Book,available,Not checked out,2,14.76
Networked asynchronous Graphic Interface,Book,available,Not checked out,2,12.16
Organized attitude-oriented customer loyalty,Book,available,Not checked out,2,26.59
Optimized next generation portal,Book,available,Not checked out,2,7.21
Function-based disintermediate synergy,Book,available,Not checked out,3,20.34
Down-sized directional methodology,Book,available,Not checked out,2,21.5
Pre-emptive disintermediate service-desk,Book,available,Not checked out,2,23.37
Automated leadingedge core,Book,available,Not checked out,2,26.77
Synchronized system-worthy solution,Book,available,Not checked out,2,18.75
Integrated transitional help-desk,Book,available,Not checked out,3,18.37
Profound holistic neural-net,Book,available,Not checked out,3,22.38
Team-oriented web-enabled product,Book,available,Not checked out,3,10.38
Total foreground Graphic Interface,Book,available,Not checked out,2,13.68
Up-sized non-volatile website,Book,available,Not checked out,2,11.69
Vision-oriented user-facing budgetary management,Book,available,Not checked out,3,15.96
Business-focused modular adapter,Book,available,Not checked out,3,24.9
Multi-tiered 5thgeneration data-warehouse,Book,available,Not checked out,2,8.31
Stand-alone content-based orchestration,Book,available,Not checked out,3,17.29
Secured secondary budgetary management,Book,available,Not checked out,3,22.49
Realigned client-driven support,Book,available,Not checked out,2,27.8
Synchronized leadingedge alliance,Book,available,Not checked out,2,10.37
Total foreground extranet,Book,available,Not checked out,3,11.82
Front-line local neural-net,Book,available,Not checked out,3,14.13
Enterprise-wide incremental approach,Book,available,Not checked out,2,13.73
Streamlined bandwidth-monitored secured line,Book,available,Not checked out,2,8.43
Balanced 3rdgeneration firmware,Book,available,Not checked out,2,9.53
Team-oriented grid-enabled solution,Book,available,Not checked out,2,8.93
Configurable high-level encryption,Book,available,Not checked out,2,11.43
Distributed explicit toolset,Book,available,Not checked out,2,7.43
Multi-tiered systematic functionalities,Book,available,Not checked out,2,20.82
Grass-roots empowering utilization,Book,available,Not checked out,3,5.85
Decentralized client-server infrastructure,Book,available,Not checked out,3,6.7
Exclusive upward-trending challenge,Book,available,Not checked out,3,28.45
Devolved context-sensitive challenge,Book,available,Not checked out,2,29.61
Inverse zero-defect synergy,Book,available,Not checked out,2,18.25
Function-based intermediate task-force,Book,available,Not checked out,3,26.19
Optional coherent Internet solution,Book,available,Not checked out,2,19.61
Reverse-engineered asynchronous capability,Book,available,Not checked out,3,15.38
Quality-focused needs-based info-mediaries,Book,available,Not checked out,2,20.9
Extended system-worthy migration,Book,available,Not checked out,3,19.26
Adaptive dynamic utilization,Book,available,Not checked out,2,28.01
Self-enabling 4thgeneration projection,Book,available,Not checked out,3,17.38
Triple-buffered empowering attitude,Book,available,Not checked out,2,24.93
Synergistic systematic orchestration,Book,available,Not checked out,2,9.07
Persevering actuating analyzer,Book,available,Not checked out,2,29.9
Phased dedicated standardization,Book,available,Not checked out,3,8.32
Profound encompassing standardization,Book,available,Not checked out,3,22.15
Focused 4thgeneration challenge,Book,available,Not checked out,2,22.52
Pre-emptive zero administration process improvement,Book,available,Not checked out,2,15.37
Visionary heuristic moratorium,Book,available,Not checked out,2,12.69
Switchable analyzing Graphical User Interface,Book,available,Not checked out,2,26.85
Reduced executive definition,Book,available,Not checked out,3,20.95
Advanced national help-desk,Book,available,Not checked out,2,18.9
Proactive needs-based open system,Book,available,Not checked out,2,22.99
Secured holistic middleware,Book,available,Not checked out,2,16.39
Vision-oriented 3rdgeneration model,Book,available,Not checked out,3,22.79
Stand-alone zero tolerance encoding,Book,available,Not checked out,3,27.72
Triple-buffered leadingedge utilization,Book,available,Not checked out,2,26.46
Customer-focused non-volatile data-warehouse,Book,available,Not checked out,3,24.26
Configurable encompassing policy,Book,available,Not checked out,3,29.35
Synchronized multimedia matrices,Book,available,Not checked out,3,15.24
Advanced system-worthy projection,Book,available,Not checked out,2,11.33
Customer-focused user-facing implementation,Book,available,Not checked out,3,19.2
Open-source leadingedge toolset,Book,available,Not checked out,2,21.72
Quality-focused 24hour software,Book,available,Not checked out,2,11.92
Enhanced client-server methodology,Book,available,Not checked out,3,24.54
Exclusive actuating archive,Book,available,Not checked out,3,14.8
Business-focused 3rdgeneration help-desk,Book,available,Not checked out,2,29.91
Decentralized encompassing policy,Book,available,Not checked out,2,5.64
Expanded modular interface,Book,available,Not checked out,2,13.03
Reduced executive standardization,Book,available,Not checked out,3,6.08
